--
INSERT INTO role (id, name)
VALUES (1, 'ADMIN'),
       (2, 'USER');

--
INSERT INTO status (id, name)
VALUES (1, 'UNCHECKED'),
       (2, 'UNPAID'),
       (3, 'PAID'),
       (4, 'COMPLETED');

--
INSERT INTO Port (id, name)
VALUES (1, 'Miami'),
       (2, 'Fort Lauderdale'),
       (3, 'Port Canaveral'),
       (4, 'San Juan'),
       (5, 'Galveston'),
       (6, 'Seattle'),
       (7, 'Vancouver'),
       (8, 'New Orleans'),
       (9, 'Boston'),
       (10, 'Baltimore'),
       (11, 'Los Angeles'),
       (12, 'San Francisco'),
       (13, 'San Diego'),
       (14, 'New York'),
       (15, 'Charleston'),
       (16, 'Houston'),
       (17, 'Tampa'),
       (18, 'Jacksonville'),
       (19, 'Honolulu'),
       (20, 'Sydney'),
       (21, 'Barcelona'),
       (22, 'Dubai'),
       (23, 'Copenhagen'),
       (24, 'Amsterdam'),
       (25, 'Nassau'),
       (26, 'Hong Kong'),
       (27, 'Shanghai'),
       (28, 'Singapore'),
       (29, 'Tokyo'),
       (30, 'Rio de Janeiro'),
       (31, 'Cape Town'),
       (32, 'Buenos Aires'),
       (33, 'Monte Carlo'),
       (34, 'Dublin'),
       (35, 'Reykjavik'),
       (36, 'Stockholm'),
       (37, 'Cannes'),
       (38, 'Marseille'),
       (39, 'Venice'),
       (40, 'Athens'),
       (41, 'Istanbul'),
       (42, 'Dubrovnik'),
       (43, 'Santorini'),
       (44, 'Mykonos'),
       (45, 'Bar Harbor'),
       (46, 'Juneau'),
       (47, 'Ketchikan'),
       (48, 'Skagway'),
       (49, 'Victoria'),
       (50, 'Sitka'),
       (51, 'Anchorage'),
       (52, 'San Juan del Sur'),
       (53, 'Puerto Quetzal'),
       (54, 'Cartagena'),
       (55, 'Puerto Limon'),
       (56, 'Cozumel'),
       (57, 'Roatan'),
       (58, 'Belize City'),
       (59, 'Grand Cayman');

--
INSERT INTO route (id, name, start_of_cruise, end_of_cruise, price)
VALUES
    (1, 'Mediterranean Cruise', '2023-04-03', '2023-04-10', 1200),
    (2, 'Caribbean Cruise', '2023-04-05', '2023-04-12', 1500),
    (3, 'Alaska Cruise', '2023-04-08', '2023-04-16', 1800),
    (4, 'Europe River Cruise', '2023-04-10', '2023-04-16', 1000),
    (5, 'Asia Cruise', '2023-04-12', '2023-04-19', 2000),
    (6, 'Australia Cruise', '2023-04-14', '2023-04-23', 2500),
    (7, 'Africa Cruise', '2023-04-17', '2023-04-24', 1700),
    (8, 'Antarctica Cruise', '2023-04-20', '2023-04-30', 3000),
    (9, 'South America Cruise', '2023-04-23', '2023-04-30', 2200),
    (10, 'North America Cruise', '2023-04-26', '2023-05-05', 2800),
    (11, 'Mediterranean Cruise', '2023-05-01', '2023-05-08', 1200),
    (12, 'Caribbean Cruise', '2023-05-04', '2023-05-11', 1500),
    (13, 'Alaska Cruise', '2023-05-07', '2023-05-15', 1800),
    (14, 'Europe River Cruise', '2023-05-10', '2023-05-16', 1000),
    (15, 'Asia Cruise', '2023-05-13', '2023-05-20', 2000),
    (16, 'Australia Cruise', '2023-05-16', '2023-05-25', 2500),
    (17, 'Africa Cruise', '2023-05-19', '2023-05-26', 1700),
    (18, 'Antarctica Cruise', '2023-05-22', '2023-06-01', 3000),
    (19, 'South America Cruise', '2023-05-25', '2023-06-01', 2200),
    (20, 'North America Cruise', '2023-05-28', '2023-06-06', 2800),
    (21, 'Mediterranean Cruise', '2023-06-01', '2023-06-08', 1200),
    (22, 'Caribbean Cruise', '2023-06-04', '2023-06-11', 1500),
    (23, 'Alaska Cruise', '2023-06-07', '2023-06-15', 1800),
    (24, 'Europe River Cruise', '2023-06-10', '2023-06-16', 1000),
    (25, 'Asia Cruise', '2023-06-13', '2023-06-20', 2000),
    (26, 'Australia Cruise', '2024-06-01', '2024-06-10', 2000),
    (27, 'Africa Cruise', '2024-07-01', '2024-07-10', 1800);

--
INSERT
INTO ship (name, capacity, visited_ports, staff, image_path, route_id)
VALUES ('Titanic', 3000, 10, 1000, '/image/ship_1.jpg', 1),
       ('Queen Mary', 2000, 15, 500, '/image/ship_2.jpg', 2),
       ('Carnival Breeze', 4000, 20, 1500, '/image/ship_3.jpg', 3),
       ('Norwegian Dawn', 3500, 25, 1000, '/image/ship_4.jpg', 4),
       ('Disney Magic', 2500, 10, 500, '/image/ship_5.jpg', 5),
       ('Celebrity Eclipse', 3000, 20, 750, '/image/ship_6.jpg', 6),
       ('Royal Caribbean Oasis of the Seas', 6000, 30, 2000, '/image/ship_7.jpg', 7),
       ('MSC Fantasia', 4500, 25, 1500, '/image/ship_8.jpg', 8),
       ('Princess Cruises Sapphire Princess', 3500, 20, 1000, '/image/ship_9.jpg', 9),
       ('Holland America Line Maasdam', 2500, 15, 750, '/image/ship_10.jpg', 10),
       ('AIDA Cruises AIDAvita', 4000, 20, 1000, '/image/ship_11.jpg', 1),
       ('P&O Cruises Oriana', 3500, 15, 750, '/image/ship_12.jpg', 2),
       ('Cunard Queen Victoria', 2500, 10, 500, '/image/ship_13.jpg', 3);

--
INSERT INTO user (login, email, password, first_name, last_name, Role_id)
VALUES ('admin', 'admin@cruise.com',
        '$argon2i$v=19$m=10240,t=10,p=1$MojprJwHt+HaeXLQurzdPA$QXBP2l7L14kdN/b5yyR4ZcqkuhUn01E53C3VvZvFx+c', 'John',
        'Doe', 1),
       ('manager', 'manager@cruise.com',
        '$argon2i$v=19$m=10240,t=10,p=1$MojprJwHt+HaeXLQurzdPA$QXBP2l7L14kdN/b5yyR4ZcqkuhUn01E53C3VvZvFx+c', 'Jane',
        'Doe', 2),
       ('customer1', 'customer1@cruise.com',
        '$argon2i$v=19$m=10240,t=10,p=1$MojprJwHt+HaeXLQurzdPA$QXBP2l7L14kdN/b5yyR4ZcqkuhUn01E53C3VvZvFx+c', 'Bob',
        'Bib', 2),
       ('customer2', 'customer2@cruise.com',
        '$argon2i$v=19$m=10240,t=10,p=1$MojprJwHt+HaeXLQurzdPA$QXBP2l7L14kdN/b5yyR4ZcqkuhUn01E53C3VvZvFx+c', 'Alice',
        'Smith', 2),
       ('staff1', 'staff1@cruise.com',
        '$argon2i$v=19$m=10240,t=10,p=1$MojprJwHt+HaeXLQurzdPA$QXBP2l7L14kdN/b5yyR4ZcqkuhUn01E53C3VvZvFx+c', 'Tom',
        'Johnson', 2),
       ('staff2', 'staff2@cruise.com',
        '$argon2i$v=19$m=10240,t=10,p=1$MojprJwHt+HaeXLQurzdPA$QXBP2l7L14kdN/b5yyR4ZcqkuhUn01E53C3VvZvFx+c', 'Sara',
        'Williams', 2),
       ('captain', 'captain@cruise.com',
        '$argon2i$v=19$m=10240,t=10,p=1$MojprJwHt+HaeXLQurzdPA$QXBP2l7L14kdN/b5yyR4ZcqkuhUn01E53C3VvZvFx+c', 'Jason',
        'Miller', 2),
       ('chef', 'chef@cruise.com',
        '$argon2i$v=19$m=10240,t=10,p=1$MojprJwHt+HaeXLQurzdPA$QXBP2l7L14kdN/b5yyR4ZcqkuhUn01E53C3VvZvFx+c', 'Ashley',
        'Davis', 2),
       ('entertainment', 'entertainment@cruise.com',
        '$argon2i$v=19$m=10240,t=10,p=1$MojprJwHt+HaeXLQurzdPA$QXBP2l7L14kdN/b5yyR4ZcqkuhUn01E53C3VvZvFx+c', 'Michael',
        'Brown', 2),
       ('housekeeping', 'housekeeping@cruise.com',
        '$argon2i$v=19$m=10240,t=10,p=1$MojprJwHt+HaeXLQurzdPA$QXBP2l7L14kdN/b5yyR4ZcqkuhUn01E53C3VvZvFx+c', 'Emma',
        'Jones', 2),
       ('security', 'security@cruise.com',
        '$argon2i$v=19$m=10240,t=10,p=1$MojprJwHt+HaeXLQurzdPA$QXBP2l7L14kdN/b5yyR4ZcqkuhUn01E53C3VvZvFx+c', 'David',
        'Garcia', 2),
       ('medical', 'medical@cruise.com',
        '$argon2i$v=19$m=10240,t=10,p=1$MojprJwHt+HaeXLQurzdPA$QXBP2l7L14kdN/b5yyR4ZcqkuhUn01E53C3VvZvFx+c', 'Jessica',
        'Martin', 2);

INSERT INTO route_has_port (route_id, port_id, arrive_time, departure_time)
VALUES (1, 1, '2023-04-01', '2023-04-03'),
       (1, 2, '2023-04-05', '2023-04-06'),
       (1, 3, '2023-04-08', '2023-04-09'),
       (1, 4, '2023-04-11', '2023-04-12'),
       (1, 5, '2023-04-14', '2023-04-15'),
       (1, 6, '2023-04-17', '2023-04-18'),
       (1, 7, '2023-04-20', '2023-04-21'),
       (1, 8, '2023-04-23', '2023-04-24'),
       (2, 1, '2023-04-01', '2023-04-03'),
       (2, 3, '2023-04-06', '2023-04-07'),
       (2, 5, '2023-04-11', '2023-04-12'),
       (2, 7, '2023-04-16', '2023-04-17'),
       (2, 9, '2023-04-21', '2023-04-22'),
       (2, 2, '2023-04-25', '2023-04-26'),
       (2, 4, '2023-04-29', '2023-04-30'),
       (2, 6, '2023-05-03', '2023-05-04'),
       (3, 1, '2023-04-01', '2023-04-03'),
       (3, 4, '2023-04-07', '2023-04-08'),
       (3, 7, '2023-04-13', '2023-04-14'),
       (3, 10, '2023-04-19', '2023-04-20'),
       (3, 3, '2023-04-23', '2023-04-24'),
       (3, 6, '2023-04-27', '2023-04-28'),
       (3, 9, '2023-05-02', '2023-05-03'),
       (3, 2, '2023-05-07', '2023-05-08'),
       (4, 1, '2023-04-01', '2023-04-03'),
       (4, 5, '2023-04-10', '2023-04-11'),
       (4, 9, '2023-04-17', '2023-04-18'),
       (4, 2, '2023-04-22', '2023-04-23');

--
INSERT INTO ticket (passengers_count, price, user_id, status_id, ship_id)
VALUES (1, 100, 1, 1, 1),
       (2, 200, 2, 2, 2),
       (3, 300, 3, 1, 3),
       (4, 400, 4, 2, 4),
       (5, 500, 5, 1, 5),
       (6, 600, 6, 1, 6),
       (7, 700, 7, 2, 7),
       (8, 800, 8, 2, 8),
       (9, 900, 9, 1, 9),
       (10, 1000, 10, 1, 10);

